Time,LIVING_UNIT1:ROCHESTER INTERNATIONAL ARPT ANN HTG 99.6% CONDNS DB:Des Heat Load [W],LIVING_UNIT1:ROCHESTER INTERNATIONAL ARPT ANN CLG .4% CONDNS DB=>MWB:Des Sens Cool Load [W],LIVING_UNIT1:ROCHESTER INTERNATIONAL ARPT ANN HTG 99.6% CONDNS DB:Des Heat Mass Flow [kg/s],LIVING_UNIT1:ROCHESTER INTERNATIONAL ARPT ANN CLG .4% CONDNS DB=>MWB:Des Cool Mass Flow [kg/s],LIVING_UNIT1::Des Latent Heat Load [W],LIVING_UNIT1::Des Latent Cool Load [W],LIVING_UNIT1::Des Latent Heat Mass Flow [kg/s],LIVING_UNIT1::Des Latent Cool Mass Flow [kg/s],LIVING_UNIT1::Des Heat Load No DOAS [W],LIVING_UNIT1::Des Sens Cool Load No DOAS [W],LIVING_UNIT1::Des Latent Heat Load No DOAS [W],LIVING_UNIT1::Des Latent Cool Load No DOAS [W],LIVING_UNIT1:ROCHESTER INTERNATIONAL ARPT ANN HTG 99.6% CONDNS DB:Heating Zone Temperature [C],LIVING_UNIT1:ROCHESTER INTERNATIONAL ARPT ANN HTG 99.6% CONDNS DB:Heating Zone Relative Humidity [%],LIVING_UNIT1:ROCHESTER INTERNATIONAL ARPT ANN CLG .4% CONDNS DB=>MWB:Cooling Zone Temperature [C],LIVING_UNIT1:ROCHESTER INTERNATIONAL ARPT ANN CLG .4% CONDNS DB=>MWB:Cooling Zone Relative Humidity [%]
00:10:00,8.374495E+03,1.718182E+03,2.955757E-01,1.417581E-01,0.000000E+00,0.000000E+00,0.000000E+00,0.000000E+00,0.000000E+00,0.000000E+00,0.000000E+00,0.000000E+00,2.221484E+01,3.833537E+01,2.388624E+01,5.175582E+01
00:20:00,8.385605E+03,1.673877E+03,2.959677E-01,1.381026E-01,0.000000E+00,0.000000E+00,0.000000E+00,0.000000E+00,0.000000E+00,0.000000E+00,0.000000E+00,0.000000E+00,2.221483E+01,3.832644E+01,2.388627E+01,5.194304E+01
00:30:00,8.396695E+03,1.630179E+03,2.963590E-01,1.344972E-01,0.000000E+00,0.000000E+00,0.000000E+00,0.000000E+00,0.000000E+00,0.000000E+00,0.000000E+00,0.000000E+00,2.221481E+01,3.831643E+01,2.388629E+01,5.213675E+01
00:40:00,8.407797E+03,1.587045E+03,2.967507E-01,1.309383E-01,0.000000E+00,0.000000E+00,0.000000E+00,0.000000E+00,0.000000E+00,0.000000E+00,0.000000E+00,0.000000E+00,2.221480E+01,3.831194E+01,2.388630E+01,5.233776E+01
00:50:00,8.418931E+03,1.544435E+03,2.971436E-01,1.274226E-01,0.000000E+00,0.000000E+00,0.000000E+00,0.000000E+00,0.000000E+00,0.000000E+00,0.000000E+00,0.000000E+00,2.221479E+01,3.831270E+01,2.388631E+01,5.254453E+01
01:00:00,8.430114E+03,1.502312E+03,2.975382E-01,1.239471E-01,0.000000E+00,0.000000E+00,0.000000E+00,0.000000E+00,0.000000E+00,0.000000E+00,0.000000E+00,0.000000E+00,2.221478E+01,3.831608E+01,2.388632E+01,5.275519E+01
01:10:00,8.438456E+03,1.463513E+03,2.978325E-01,1.207459E-01,0.000000E+00,0.000000E+00,0.000000E+00,0.000000E+00,0.000000E+00,0.000000E+00,0.000000E+00,0.000000E+00,2.221478E+01,3.832002E+01,2.388633E+01,5.296902E+01
01:20:00,8.445807E+03,1.426216E+03,2.980918E-01,1.176686E-01,0.000000E+00,0.000000E+00,0.000000E+00,0.000000E+00,0.000000E+00,0.000000E+00,0.000000E+00,0.000000E+00,2.221478E+01,3.831957E+01,2.388635E+01,5.318272E+01
01:30:00,8.452649E+03,1.390062E+03,2.983333E-01,1.146856E-01,0.000000E+00,0.000000E+00,0.000000E+00,0.000000E+00,0.000000E+00,0.000000E+00,0.000000E+00,0.000000E+00,2.221478E+01,3.831846E+01,2.388636E+01,5.339717E+01
01:40:00,8.458969E+03,1.354985E+03,2.985563E-01,1.117915E-01,0.000000E+00,0.000000E+00,0.000000E+00,0.000000E+00,0.000000E+00,0.000000E+00,0.000000E+00,0.000000E+00,2.221477E+01,3.831890E+01,2.388637E+01,5.361326E+01
01:50:00,8.464886E+03,1.320937E+03,2.987651E-01,1.089824E-01,0.000000E+00,0.000000E+00,0.000000E+00,0.000000E+00,0.000000E+00,0.000000E+00,0.000000E+00,0.000000E+00,2.221477E+01,3.832075E+01,2.388638E+01,5.383102E+01
02:00:00,8.470511E+03,1.287865E+03,2.989636E-01,1.062537E-01,0.000000E+00,0.000000E+00,0.000000E+00,0.000000E+00,0.000000E+00,0.000000E+00,0.000000E+00,0.000000E+00,2.221477E+01,3.832318E+01,2.388639E+01,5.404974E+01
02:10:00,8.475094E+03,1.256350E+03,2.991253E-01,1.036535E-01,0.000000E+00,0.000000E+00,0.000000E+00,0.000000E+00,0.000000E+00,0.000000E+00,0.000000E+00,0.000000E+00,2.221477E+01,3.832567E+01,2.388640E+01,5.427053E+01
02:20:00,8.479146E+03,1.225825E+03,2.992684E-01,1.011350E-01,0.000000E+00,0.000000E+00,0.000000E+00,0.000000E+00,0.000000E+00,0.000000E+00,0.000000E+00,0.000000E+00,2.221477E+01,3.832446E+01,2.388641E+01,5.448928E+01
02:30:00,8.482846E+03,1.196140E+03,2.993989E-01,9.868575E-02,0.000000E+00,0.000000E+00,0.000000E+00,0.000000E+00,0.000000E+00,0.000000E+00,0.000000E+00,0.000000E+00,2.221477E+01,3.832257E+01,2.388642E+01,5.470690E+01
02:40:00,8.486395E+03,1.167241E+03,2.995242E-01,9.630140E-02,0.000000E+00,0.000000E+00,0.000000E+00,0.000000E+00,0.000000E+00,0.000000E+00,0.000000E+00,0.000000E+00,2.221476E+01,3.832193E+01,2.388644E+01,5.492556E+01
02:50:00,8.489820E+03,1.139077E+03,2.996450E-01,9.397772E-02,0.000000E+00,0.000000E+00,0.000000E+00,0.000000E+00,0.000000E+00,0.000000E+00,0.000000E+00,0.000000E+00,2.221476E+01,3.832269E+01,2.388645E+01,5.514645E+01
03:00:00,8.493115E+03,1.111637E+03,2.997613E-01,9.171371E-02,0.000000E+00,0.000000E+00,0.000000E+00,0.000000E+00,0.000000E+00,0.000000E+00,0.000000E+00,0.000000E+00,2.221476E+01,3.832422E+01,2.388646E+01,5.536987E+01
03:10:00,8.496086E+03,1.084746E+03,2.998662E-01,8.949501E-02,0.000000E+00,0.000000E+00,0.000000E+00,0.000000E+00,0.000000E+00,0.000000E+00,0.000000E+00,0.000000E+00,2.221476E+01,3.832598E+01,2.388647E+01,5.559576E+01
03:20:00,8.498942E+03,1.058351E+03,2.999669E-01,8.731724E-02,0.000000E+00,0.000000E+00,0.000000E+00,0.000000E+00,0.000000E+00,0.000000E+00,0.000000E+00,0.000000E+00,2.221476E+01,3.832672E+01,2.388649E+01,5.582413E+01
03:30:00,8.501736E+03,1.032433E+03,3.000655E-01,8.517887E-02,0.000000E+00,0.000000E+00,0.000000E+00,0.000000E+00,0.000000E+00,0.000000E+00,0.000000E+00,0.000000E+00,2.221476E+01,3.832732E+01,2.388651E+01,5.605557E+01
03:40:00,8.504453E+03,1.006971E+03,3.001614E-01,8.307803E-02,0.000000E+00,0.000000E+00,0.000000E+00,0.000000E+00,0.000000E+00,0.000000E+00,0.000000E+00,0.000000E+00,2.221476E+01,3.832832E+01,2.388652E+01,5.629015E+01
03:50:00,8.507097E+03,9.819439E+02,3.002547E-01,8.101313E-02,0.000000E+00,0.000000E+00,0.000000E+00,0.000000E+00,0.000000E+00,0.000000E+00,0.000000E+00,0.000000E+00,2.221476E+01,3.832969E+01,2.388654E+01,5.652773E+01
04:00:00,8.509674E+03,9.573359E+02,3.003457E-01,7.898280E-02,0.000000E+00,0.000000E+00,0.000000E+00,0.000000E+00,0.000000E+00,0.000000E+00,0.000000E+00,0.000000E+00,2.221476E+01,3.833123E+01,2.388655E+01,5.676822E+01
04:10:00,8.511147E+03,9.344175E+02,3.003976E-01,7.709187E-02,0.000000E+00,0.000000E+00,0.000000E+00,0.000000E+00,0.000000E+00,0.000000E+00,0.000000E+00,0.000000E+00,2.221476E+01,3.833278E+01,2.388657E+01,5.701160E+01
04:20:00,8.512248E+03,9.123275E+02,3.004365E-01,7.526931E-02,0.000000E+00,0.000000E+00,0.000000E+00,0.000000E+00,0.000000E+00,0.000000E+00,0.000000E+00,0.000000E+00,2.221476E+01,3.833506E+01,2.388657E+01,5.725208E+01
04:30:00,8.513095E+03,8.909537E+02,3.004664E-01,7.350584E-02,0.000000E+00,0.000000E+00,0.000000E+00,0.000000E+00,0.000000E+00,0.000000E+00,0.000000E+00,0.000000E+00,2.221476E+01,3.833720E+01,2.388658E+01,5.748991E+01
04:40:00,8.513739E+03,8.702654E+02,3.004892E-01,7.179893E-02,0.000000E+00,0.000000E+00,0.000000E+00,0.000000E+00,0.000000E+00,0.000000E+00,0.000000E+00,0.000000E+00,2.221476E+01,3.833877E+01,2.388659E+01,5.772725E+01
04:50:00,8.514211E+03,8.502383E+02,3.005058E-01,7.014658E-02,0.000000E+00,0.000000E+00,0.000000E+00,0.000000E+00,0.000000E+00,0.000000E+00,0.000000E+00,0.000000E+00,2.221477E+01,3.833988E+01,2.388661E+01,5.796562E+01
05:00:00,8.514533E+03,8.415962E+02,3.005172E-01,6.943351E-02,0.000000E+00,0.000000E+00,0.000000E+00,0.000000E+00,0.000000E+00,0.000000E+00,0.000000E+00,0.000000E+00,2.221477E+01,3.834077E+01,2.388662E+01,5.820575E+01
05:10:00,8.512087E+03,8.524080E+02,3.004309E-01,7.032563E-02,0.000000E+00,0.000000E+00,0.000000E+00,0.000000E+00,0.000000E+00,0.000000E+00,0.000000E+00,0.000000E+00,2.221477E+01,3.834160E+01,2.388645E+01,5.836558E+01
05:20:00,8.508635E+03,8.874228E+02,3.003091E-01,7.321493E-02,0.000000E+00,0.000000E+00,0.000000E+00,0.000000E+00,0.000000E+00,0.000000E+00,0.000000E+00,0.000000E+00,2.221478E+01,3.834700E+01,2.388617E+01,5.834367E+01
05:30:00,8.504678E+03,9.452041E+02,3.001695E-01,7.798301E-02,0.000000E+00,0.000000E+00,0.000000E+00,0.000000E+00,0.000000E+00,0.000000E+00,0.000000E+00,0.000000E+00,2.221479E+01,3.835203E+01,2.388586E+01,5.807797E+01
05:40:00,8.500276E+03,1.024575E+03,3.000142E-01,8.453275E-02,0.000000E+00,0.000000E+00,0.000000E+00,0.000000E+00,0.000000E+00,0.000000E+00,0.000000E+00,0.000000E+00,2.221480E+01,3.835449E+01,2.388562E+01,5.759591E+01
05:50:00,8.495476E+03,1.124780E+03,2.998448E-01,9.280178E-02,0.000000E+00,0.000000E+00,0.000000E+00,0.000000E+00,0.000000E+00,0.000000E+00,0.000000E+00,0.000000E+00,2.221480E+01,3.835483E+01,2.388545E+01,5.696732E+01
06:00:00,8.490328E+03,1.235710E+03,2.996632E-01,1.019559E-01,0.000000E+00,0.000000E+00,0.000000E+00,0.000000E+00,0.000000E+00,0.000000E+00,0.000000E+00,0.000000E+00,2.221480E+01,3.835421E+01,2.388535E+01,5.626102E+01
06:10:00,8.485332E+03,1.349978E+03,2.994869E-01,1.113855E-01,0.000000E+00,0.000000E+00,0.000000E+00,0.000000E+00,0.000000E+00,0.000000E+00,0.000000E+00,0.000000E+00,2.221480E+01,3.835341E+01,2.388529E+01,5.552149E+01
06:20:00,8.479922E+03,1.460303E+03,2.992960E-01,1.204899E-01,0.000000E+00,0.000000E+00,0.000000E+00,0.000000E+00,0.000000E+00,0.000000E+00,0.000000E+00,0.000000E+00,2.221482E+01,3.837091E+01,2.388523E+01,5.478991E+01
06:30:00,8.474129E+03,1.566267E+03,2.990917E-01,1.292339E-01,0.000000E+00,0.000000E+00,0.000000E+00,0.000000E+00,0.000000E+00,0.000000E+00,0.000000E+00,0.000000E+00,2.221483E+01,3.839059E+01,2.388524E+01,5.408684E+01
06:40:00,8.468117E+03,1.667729E+03,2.988796E-01,1.376062E-01,0.000000E+00,0.000000E+00,0.000000E+00,0.000000E+00,0.000000E+00,0.000000E+00,0.000000E+00,0.000000E+00,2.221486E+01,3.840262E+01,2.388527E+01,5.343155E+01
06:50:00,8.461916E+03,1.764182E+03,2.986609E-01,1.455648E-01,0.000000E+00,0.000000E+00,0.000000E+00,0.000000E+00,0.000000E+00,0.000000E+00,0.000000E+00,0.000000E+00,2.221487E+01,3.840697E+01,2.388533E+01,5.283749E+01
07:00:00,8.455520E+03,1.853877E+03,2.984352E-01,1.529656E-01,0.000000E+00,0.000000E+00,0.000000E+00,0.000000E+00,0.000000E+00,0.000000E+00,0.000000E+00,0.000000E+00,2.221488E+01,3.840714E+01,2.388539E+01,5.231088E+01
07:10:00,8.455116E+03,1.932806E+03,2.984211E-01,1.594764E-01,0.000000E+00,0.000000E+00,0.000000E+00,0.000000E+00,0.000000E+00,0.000000E+00,0.000000E+00,0.000000E+00,2.221488E+01,3.840593E+01,2.388597E+01,5.184225E+01
07:20:00,8.454990E+03,2.007333E+03,2.984167E-01,1.656225E-01,0.000000E+00,0.000000E+00,0.000000E+00,0.000000E+00,0.000000E+00,0.000000E+00,0.000000E+00,0.000000E+00,2.221486E+01,3.840747E+01,2.388653E+01,5.154272E+01
07:30:00,8.455055E+03,2.078462E+03,2.984191E-01,1.714879E-01,0.000000E+00,0.000000E+00,0.000000E+00,0.000000E+00,0.000000E+00,0.000000E+00,0.000000E+00,0.000000E+00,2.221487E+01,3.840880E+01,2.388659E+01,5.110909E+01
07:40:00,8.455150E+03,2.146861E+03,2.984225E-01,1.771280E-01,0.000000E+00,0.000000E+00,0.000000E+00,0.000000E+00,0.000000E+00,0.000000E+00,0.000000E+00,0.000000E+00,2.221487E+01,3.840871E+01,2.388663E+01,5.072923E+01
07:50:00,8.455234E+03,2.213412E+03,2.984255E-01,1.826155E-01,0.000000E+00,0.000000E+00,0.000000E+00,0.000000E+00,0.000000E+00,0.000000E+00,0.000000E+00,0.000000E+00,2.221487E+01,3.840750E+01,2.388665E+01,5.039574E+01
08:00:00,8.455315E+03,2.279325E+03,2.984283E-01,1.880504E-01,0.000000E+00,0.000000E+00,0.000000E+00,0.000000E+00,0.000000E+00,0.000000E+00,0.000000E+00,0.000000E+00,2.221487E+01,3.840581E+01,2.388667E+01,5.010151E+01
08:10:00,8.474315E+03,2.326804E+03,2.990989E-01,1.919656E-01,0.000000E+00,0.000000E+00,0.000000E+00,0.000000E+00,0.000000E+00,0.000000E+00,0.000000E+00,0.000000E+00,2.221487E+01,3.840411E+01,2.388674E+01,4.982872E+01
08:20:00,8.495008E+03,2.372564E+03,2.998291E-01,1.957401E-01,0.000000E+00,0.000000E+00,0.000000E+00,0.000000E+00,0.000000E+00,0.000000E+00,0.000000E+00,0.000000E+00,2.221477E+01,3.833642E+01,2.388681E+01,4.953937E+01
08:30:00,8.516481E+03,2.417387E+03,3.005866E-01,1.994374E-01,0.000000E+00,0.000000E+00,0.000000E+00,0.000000E+00,0.000000E+00,0.000000E+00,0.000000E+00,0.000000E+00,2.221469E+01,3.825765E+01,2.388684E+01,4.926662E+01
08:40:00,8.538634E+03,2.461606E+03,3.013681E-01,2.030849E-01,0.000000E+00,0.000000E+00,0.000000E+00,0.000000E+00,0.000000E+00,0.000000E+00,0.000000E+00,0.000000E+00,2.221461E+01,3.820465E+01,2.388685E+01,4.902890E+01
08:50:00,8.561378E+03,2.505325E+03,3.021702E-01,2.066911E-01,0.000000E+00,0.000000E+00,0.000000E+00,0.000000E+00,0.000000E+00,0.000000E+00,0.000000E+00,0.000000E+00,2.221456E+01,3.817987E+01,2.388686E+01,4.881852E+01
09:00:00,8.584625E+03,2.548077E+03,3.029901E-01,2.102176E-01,0.000000E+00,0.000000E+00,0.000000E+00,0.000000E+00,0.000000E+00,0.000000E+00,0.000000E+00,0.000000E+00,2.221453E+01,3.817178E+01,2.388687E+01,4.862855E+01
09:10:00,8.594620E+03,2.601296E+03,3.033422E-01,2.146078E-01,0.000000E+00,0.000000E+00,0.000000E+00,0.000000E+00,0.000000E+00,0.000000E+00,0.000000E+00,0.000000E+00,2.221452E+01,3.817007E+01,2.388690E+01,4.845105E+01
09:20:00,8.604599E+03,2.651865E+03,3.036939E-01,2.187793E-01,0.000000E+00,0.000000E+00,0.000000E+00,0.000000E+00,0.000000E+00,0.000000E+00,0.000000E+00,0.000000E+00,2.221447E+01,3.814716E+01,2.388693E+01,4.827394E+01
09:30:00,8.614700E+03,2.699567E+03,3.040499E-01,2.227144E-01,0.000000E+00,0.000000E+00,0.000000E+00,0.000000E+00,0.000000E+00,0.000000E+00,0.000000E+00,0.000000E+00,2.221445E+01,3.812072E+01,2.388695E+01,4.811303E+01
09:40:00,8.624900E+03,2.744122E+03,3.044096E-01,2.263898E-01,0.000000E+00,0.000000E+00,0.000000E+00,0.000000E+00,0.000000E+00,0.000000E+00,0.000000E+00,0.000000E+00,2.221442E+01,3.810327E+01,2.388696E+01,4.797415E+01
09:50:00,8.635194E+03,2.785154E+03,3.047726E-01,2.297746E-01,0.000000E+00,0.000000E+00,0.000000E+00,0.000000E+00,0.000000E+00,0.000000E+00,0.000000E+00,0.000000E+00,2.221440E+01,3.809565E+01,2.388697E+01,4.785244E+01
10:00:00,8.645576E+03,2.822326E+03,3.051388E-01,2.328409E-01,0.000000E+00,0.000000E+00,0.000000E+00,0.000000E+00,0.000000E+00,0.000000E+00,0.000000E+00,0.000000E+00,2.221439E+01,3.809381E+01,2.388698E+01,4.774458E+01
10:10:00,8.647549E+03,2.863236E+03,3.052082E-01,2.362157E-01,0.000000E+00,0.000000E+00,0.000000E+00,0.000000E+00,0.000000E+00,0.000000E+00,0.000000E+00,0.000000E+00,2.221439E+01,3.809414E+01,2.388699E+01,4.764838E+01
10:20:00,8.649056E+03,2.899258E+03,3.052612E-01,2.391873E-01,0.000000E+00,0.000000E+00,0.000000E+00,0.000000E+00,0.000000E+00,0.000000E+00,0.000000E+00,0.000000E+00,2.221439E+01,3.809205E+01,2.388700E+01,4.756257E+01
10:30:00,8.650347E+03,2.930648E+03,3.053067E-01,2.417767E-01,0.000000E+00,0.000000E+00,0.000000E+00,0.000000E+00,0.000000E+00,0.000000E+00,0.000000E+00,0.000000E+00,2.221438E+01,3.808936E+01,2.388701E+01,4.749109E+01
10:40:00,8.651449E+03,2.957433E+03,3.053455E-01,2.439863E-01,0.000000E+00,0.000000E+00,0.000000E+00,0.000000E+00,0.000000E+00,0.000000E+00,0.000000E+00,0.000000E+00,2.221438E+01,3.808765E+01,2.388702E+01,4.743213E+01
10:50:00,8.652399E+03,2.979619E+03,3.053790E-01,2.458164E-01,0.000000E+00,0.000000E+00,0.000000E+00,0.000000E+00,0.000000E+00,0.000000E+00,0.000000E+00,0.000000E+00,2.221438E+01,3.808711E+01,2.388703E+01,4.738236E+01
11:00:00,8.653223E+03,2.997348E+03,3.054080E-01,2.472789E-01,0.000000E+00,0.000000E+00,0.000000E+00,0.000000E+00,0.000000E+00,0.000000E+00,0.000000E+00,0.000000E+00,2.221438E+01,3.808727E+01,2.388703E+01,4.734039E+01
11:10:00,8.654016E+03,3.010574E+03,3.054360E-01,2.483699E-01,0.000000E+00,0.000000E+00,0.000000E+00,0.000000E+00,0.000000E+00,0.000000E+00,0.000000E+00,0.000000E+00,2.221438E+01,3.808770E+01,2.388704E+01,4.730910E+01
11:20:00,8.654707E+03,3.020393E+03,3.054604E-01,2.491821E-01,0.000000E+00,0.000000E+00,0.000000E+00,0.000000E+00,0.000000E+00,0.000000E+00,0.000000E+00,0.000000E+00,2.221438E+01,3.809347E+01,2.388636E+01,4.729505E+01
11:30:00,8.655315E+03,3.026998E+03,3.054818E-01,2.497296E-01,0.000000E+00,0.000000E+00,0.000000E+00,0.000000E+00,0.000000E+00,0.000000E+00,0.000000E+00,0.000000E+00,2.221438E+01,3.810013E+01,2.388631E+01,4.728088E+01
11:40:00,8.655854E+03,3.030989E+03,3.055009E-01,2.500613E-01,0.000000E+00,0.000000E+00,0.000000E+00,0.000000E+00,0.000000E+00,0.000000E+00,0.000000E+00,0.000000E+00,2.221439E+01,3.810475E+01,2.388631E+01,4.727155E+01
11:50:00,8.656334E+03,3.033441E+03,3.055178E-01,2.502661E-01,0.000000E+00,0.000000E+00,0.000000E+00,0.000000E+00,0.000000E+00,0.000000E+00,0.000000E+00,0.000000E+00,2.221439E+01,3.810711E+01,2.388631E+01,4.726385E+01
12:00:00,8.656763E+03,3.035630E+03,3.055330E-01,2.504492E-01,0.000000E+00,0.000000E+00,0.000000E+00,0.000000E+00,0.000000E+00,0.000000E+00,0.000000E+00,0.000000E+00,2.221440E+01,3.810812E+01,2.388631E+01,4.725538E+01
12:10:00,8.657291E+03,3.039140E+03,3.055517E-01,2.507414E-01,0.000000E+00,0.000000E+00,0.000000E+00,0.000000E+00,0.000000E+00,0.000000E+00,0.000000E+00,0.000000E+00,2.221440E+01,3.810860E+01,2.388631E+01,4.724384E+01
12:20:00,8.657842E+03,3.046500E+03,3.055712E-01,2.513488E-01,0.000000E+00,0.000000E+00,0.000000E+00,0.000000E+00,0.000000E+00,0.000000E+00,0.000000E+00,0.000000E+00,2.221440E+01,3.811177E+01,2.388631E+01,4.723072E+01
12:30:00,8.658399E+03,3.059428E+03,3.055909E-01,2.524155E-01,0.000000E+00,0.000000E+00,0.000000E+00,0.000000E+00,0.000000E+00,0.000000E+00,0.000000E+00,0.000000E+00,2.221440E+01,3.811548E+01,2.388630E+01,4.721086E+01
12:40:00,8.658959E+03,3.079377E+03,3.056106E-01,2.540614E-01,0.000000E+00,0.000000E+00,0.000000E+00,0.000000E+00,0.000000E+00,0.000000E+00,0.000000E+00,0.000000E+00,2.221440E+01,3.811815E+01,2.388628E+01,4.717886E+01
12:50:00,8.659518E+03,3.107137E+03,3.056304E-01,2.563519E-01,0.000000E+00,0.000000E+00,0.000000E+00,0.000000E+00,0.000000E+00,0.000000E+00,0.000000E+00,0.000000E+00,2.221440E+01,3.811961E+01,2.388626E+01,4.713238E+01
13:00:00,8.660077E+03,3.142972E+03,3.056501E-01,2.593087E-01,0.000000E+00,0.000000E+00,0.000000E+00,0.000000E+00,0.000000E+00,0.000000E+00,0.000000E+00,0.000000E+00,2.221441E+01,3.812034E+01,2.388625E+01,4.707189E+01
13:10:00,8.660403E+03,3.186665E+03,3.056617E-01,2.629139E-01,0.000000E+00,0.000000E+00,0.000000E+00,0.000000E+00,0.000000E+00,0.000000E+00,0.000000E+00,0.000000E+00,2.221441E+01,3.812074E+01,2.388623E+01,4.699945E+01
13:20:00,8.660708E+03,3.236919E+03,3.056725E-01,2.670603E-01,0.000000E+00,0.000000E+00,0.000000E+00,0.000000E+00,0.000000E+00,0.000000E+00,0.000000E+00,0.000000E+00,2.221441E+01,3.811284E+01,2.388623E+01,4.691147E+01
13:30:00,8.660998E+03,3.292254E+03,3.056827E-01,2.716260E-01,0.000000E+00,0.000000E+00,0.000000E+00,0.000000E+00,0.000000E+00,0.000000E+00,0.000000E+00,0.000000E+00,2.221440E+01,3.810346E+01,2.388623E+01,4.681699E+01
13:40:00,8.661278E+03,3.351381E+03,3.056926E-01,2.765044E-01,0.000000E+00,0.000000E+00,0.000000E+00,0.000000E+00,0.000000E+00,0.000000E+00,0.000000E+00,0.000000E+00,2.221439E+01,3.809718E+01,2.388623E+01,4.672232E+01
13:50:00,8.661548E+03,3.413079E+03,3.057021E-01,2.815949E-01,0.000000E+00,0.000000E+00,0.000000E+00,0.000000E+00,0.000000E+00,0.000000E+00,0.000000E+00,0.000000E+00,2.221438E+01,3.809433E+01,2.388623E+01,4.662956E+01
14:00:00,8.661811E+03,3.476224E+03,3.057113E-01,2.868047E-01,0.000000E+00,0.000000E+00,0.000000E+00,0.000000E+00,0.000000E+00,0.000000E+00,0.000000E+00,0.000000E+00,2.221438E+01,3.809352E+01,2.388624E+01,4.653900E+01
14:10:00,8.661856E+03,3.539662E+03,3.057128E-01,2.920386E-01,0.000000E+00,0.000000E+00,0.000000E+00,0.000000E+00,0.000000E+00,0.000000E+00,0.000000E+00,0.000000E+00,2.221438E+01,3.809348E+01,2.388624E+01,4.645085E+01
14:20:00,8.661797E+03,3.602258E+03,3.057107E-01,2.972030E-01,0.000000E+00,0.000000E+00,0.000000E+00,0.000000E+00,0.000000E+00,0.000000E+00,0.000000E+00,0.000000E+00,2.221438E+01,3.809115E+01,2.388625E+01,4.636563E+01
14:30:00,8.661669E+03,3.664140E+03,3.057062E-01,3.023083E-01,0.000000E+00,0.000000E+00,0.000000E+00,0.000000E+00,0.000000E+00,0.000000E+00,0.000000E+00,0.000000E+00,2.221438E+01,3.808828E+01,2.388626E+01,4.628649E+01
14:40:00,8.661488E+03,3.723795E+03,3.056997E-01,3.072299E-01,0.000000E+00,0.000000E+00,0.000000E+00,0.000000E+00,0.000000E+00,0.000000E+00,0.000000E+00,0.000000E+00,2.221437E+01,3.808626E+01,2.388627E+01,4.621277E+01
14:50:00,8.661262E+03,3.780376E+03,3.056917E-01,3.118979E-01,0.000000E+00,0.000000E+00,0.000000E+00,0.000000E+00,0.000000E+00,0.000000E+00,0.000000E+00,0.000000E+00,2.221437E+01,3.808528E+01,2.388628E+01,4.614505E+01
15:00:00,8.660997E+03,3.833282E+03,3.056824E-01,3.162627E-01,0.000000E+00,0.000000E+00,0.000000E+00,0.000000E+00,0.000000E+00,0.000000E+00,0.000000E+00,0.000000E+00,2.221437E+01,3.808494E+01,2.388629E+01,4.608387E+01
15:10:00,8.659360E+03,3.883214E+03,3.056246E-01,3.203820E-01,0.000000E+00,0.000000E+00,0.000000E+00,0.000000E+00,0.000000E+00,0.000000E+00,0.000000E+00,0.000000E+00,2.221437E+01,3.808488E+01,2.388631E+01,4.602917E+01
15:20:00,8.657229E+03,3.928861E+03,3.055493E-01,3.241477E-01,0.000000E+00,0.000000E+00,0.000000E+00,0.000000E+00,0.000000E+00,0.000000E+00,0.000000E+00,0.000000E+00,2.221438E+01,3.809465E+01,2.388631E+01,4.599119E+01
15:30:00,8.654819E+03,3.968649E+03,3.054643E-01,3.274302E-01,0.000000E+00,0.000000E+00,0.000000E+00,0.000000E+00,0.000000E+00,0.000000E+00,0.000000E+00,0.000000E+00,2.221439E+01,3.810557E+01,2.388632E+01,4.596283E+01
15:40:00,8.652166E+03,4.003048E+03,3.053707E-01,3.302680E-01,0.000000E+00,0.000000E+00,0.000000E+00,0.000000E+00,0.000000E+00,0.000000E+00,0.000000E+00,0.000000E+00,2.221440E+01,3.811235E+01,2.388633E+01,4.593859E+01
15:50:00,8.649304E+03,4.032086E+03,3.052698E-01,3.326636E-01,0.000000E+00,0.000000E+00,0.000000E+00,0.000000E+00,0.000000E+00,0.000000E+00,0.000000E+00,0.000000E+00,2.221441E+01,3.811492E+01,2.388633E+01,4.591715E+01
16:00:00,8.646262E+03,4.055744E+03,3.051625E-01,3.346152E-01,0.000000E+00,0.000000E+00,0.000000E+00,0.000000E+00,0.000000E+00,0.000000E+00,0.000000E+00,0.000000E+00,2.221441E+01,3.811514E+01,2.388634E+01,4.589912E+01
16:10:00,8.637144E+03,4.080570E+03,3.048408E-01,3.366633E-01,0.000000E+00,0.000000E+00,0.000000E+00,0.000000E+00,0.000000E+00,0.000000E+00,0.000000E+00,0.000000E+00,2.221441E+01,3.811458E+01,2.388634E+01,4.588523E+01
16:20:00,8.626457E+03,4.102279E+03,3.044637E-01,3.384543E-01,0.000000E+00,0.000000E+00,0.000000E+00,0.000000E+00,0.000000E+00,0.000000E+00,0.000000E+00,0.000000E+00,2.221445E+01,3.815192E+01,2.388632E+01,4.590849E+01
16:30:00,8.614873E+03,4.119747E+03,3.040550E-01,3.398956E-01,0.000000E+00,0.000000E+00,0.000000E+00,0.000000E+00,0.000000E+00,0.000000E+00,0.000000E+00,0.000000E+00,2.221449E+01,3.819404E+01,2.388631E+01,4.593950E+01
16:40:00,8.602558E+03,4.133509E+03,3.036206E-01,3.410312E-01,0.000000E+00,0.000000E+00,0.000000E+00,0.000000E+00,0.000000E+00,0.000000E+00,0.000000E+00,0.000000E+00,2.221454E+01,3.822030E+01,2.388629E+01,4.596191E+01
16:50:00,8.589642E+03,4.144160E+03,3.031651E-01,3.419101E-01,0.000000E+00,0.000000E+00,0.000000E+00,0.000000E+00,0.000000E+00,0.000000E+00,0.000000E+00,0.000000E+00,2.221457E+01,3.823024E+01,2.388628E+01,4.597491E+01
17:00:00,8.576330E+03,4.152224E+03,3.026956E-01,3.425757E-01,0.000000E+00,0.000000E+00,0.000000E+00,0.000000E+00,0.000000E+00,0.000000E+00,0.000000E+00,0.000000E+00,2.221459E+01,3.823106E+01,2.388628E+01,4.598320E+01
17:10:00,8.553694E+03,4.165997E+03,3.018969E-01,3.437124E-01,0.000000E+00,0.000000E+00,0.000000E+00,0.000000E+00,0.000000E+00,0.000000E+00,0.000000E+00,0.000000E+00,2.221459E+01,3.822894E+01,2.388628E+01,4.599067E+01
17:20:00,8.530058E+03,4.177928E+03,3.010631E-01,3.446972E-01,0.000000E+00,0.000000E+00,0.000000E+00,0.000000E+00,0.000000E+00,0.000000E+00,0.000000E+00,0.000000E+00,2.221467E+01,3.831795E+01,2.388623E+01,4.608185E+01
17:30:00,8.505868E+03,4.188245E+03,3.002099E-01,3.455490E-01,0.000000E+00,0.000000E+00,0.000000E+00,0.000000E+00,0.000000E+00,0.000000E+00,0.000000E+00,0.000000E+00,2.221476E+01,3.842156E+01,2.388618E+01,4.618638E+01
17:40:00,8.481178E+03,4.196025E+03,2.993390E-01,3.461917E-01,0.000000E+00,0.000000E+00,0.000000E+00,0.000000E+00,0.000000E+00,0.000000E+00,0.000000E+00,0.000000E+00,2.221487E+01,3.848946E+01,2.388612E+01,4.626094E+01
17:50:00,8.456032E+03,4.200085E+03,2.984522E-01,3.465276E-01,0.000000E+00,0.000000E+00,0.000000E+00,0.000000E+00,0.000000E+00,0.000000E+00,0.000000E+00,0.000000E+00,2.221495E+01,3.851869E+01,2.388609E+01,4.630555E+01
18:00:00,8.430368E+03,4.199094E+03,2.975471E-01,3.464468E-01,0.000000E+00,0.000000E+00,0.000000E+00,0.000000E+00,0.000000E+00,0.000000E+00,0.000000E+00,0.000000E+00,2.221499E+01,3.852532E+01,2.388608E+01,4.633687E+01
18:10:00,8.404024E+03,4.190896E+03,2.966180E-01,3.457698E-01,0.000000E+00,0.000000E+00,0.000000E+00,0.000000E+00,0.000000E+00,0.000000E+00,0.000000E+00,0.000000E+00,2.221500E+01,3.852357E+01,2.388642E+01,4.638229E+01
18:20:00,8.378969E+03,4.173112E+03,2.957344E-01,3.442998E-01,0.000000E+00,0.000000E+00,0.000000E+00,0.000000E+00,0.000000E+00,0.000000E+00,0.000000E+00,0.000000E+00,2.221508E+01,3.855192E+01,2.388679E+01,4.646142E+01
18:30:00,8.354392E+03,4.144895E+03,2.948676E-01,3.419689E-01,0.000000E+00,0.000000E+00,0.000000E+00,0.000000E+00,0.000000E+00,0.000000E+00,0.000000E+00,0.000000E+00,2.221512E+01,3.858578E+01,2.388679E+01,4.655994E+01
18:40:00,8.330185E+03,4.103137E+03,2.940137E-01,3.385206E-01,0.000000E+00,0.000000E+00,0.000000E+00,0.000000E+00,0.000000E+00,0.000000E+00,0.000000E+00,0.000000E+00,2.221515E+01,3.860752E+01,2.388679E+01,4.665378E+01
18:50:00,8.306269E+03,4.047908E+03,2.931700E-01,3.339608E-01,0.000000E+00,0.000000E+00,0.000000E+00,0.000000E+00,0.000000E+00,0.000000E+00,0.000000E+00,0.000000E+00,2.221518E+01,3.861581E+01,2.388680E+01,4.675909E+01
19:00:00,8.282579E+03,3.978315E+03,2.923342E-01,3.282158E-01,0.000000E+00,0.000000E+00,0.000000E+00,0.000000E+00,0.000000E+00,0.000000E+00,0.000000E+00,0.000000E+00,2.221519E+01,3.861612E+01,2.388681E+01,4.688128E+01
19:10:00,8.275303E+03,3.880589E+03,2.920778E-01,3.201514E-01,0.000000E+00,0.000000E+00,0.000000E+00,0.000000E+00,0.000000E+00,0.000000E+00,0.000000E+00,0.000000E+00,2.221520E+01,3.861347E+01,2.388683E+01,4.701114E+01
19:20:00,8.269317E+03,3.762217E+03,2.918667E-01,3.103854E-01,0.000000E+00,0.000000E+00,0.000000E+00,0.000000E+00,0.000000E+00,0.000000E+00,0.000000E+00,0.000000E+00,2.221520E+01,3.856846E+01,2.388684E+01,4.710314E+01
19:30:00,8.264055E+03,3.626438E+03,2.916811E-01,2.991856E-01,0.000000E+00,0.000000E+00,0.000000E+00,0.000000E+00,0.000000E+00,0.000000E+00,0.000000E+00,0.000000E+00,2.221516E+01,3.851581E+01,2.388622E+01,4.722287E+01
19:40:00,8.259385E+03,3.479446E+03,2.915162E-01,2.870607E-01,0.000000E+00,0.000000E+00,0.000000E+00,0.000000E+00,0.000000E+00,0.000000E+00,0.000000E+00,0.000000E+00,2.221511E+01,3.847886E+01,2.388622E+01,4.741276E+01
19:50:00,8.255192E+03,3.327981E+03,2.913680E-01,2.745666E-01,0.000000E+00,0.000000E+00,0.000000E+00,0.000000E+00,0.000000E+00,0.000000E+00,0.000000E+00,0.000000E+00,2.221508E+01,3.845960E+01,2.388625E+01,4.764545E+01
20:00:00,8.251393E+03,3.182064E+03,2.912337E-01,2.625301E-01,0.000000E+00,0.000000E+00,0.000000E+00,0.000000E+00,0.000000E+00,0.000000E+00,0.000000E+00,0.000000E+00,2.221506E+01,3.845114E+01,2.388625E+01,4.789631E+01
20:10:00,8.248390E+03,3.045823E+03,2.911275E-01,2.512922E-01,0.000000E+00,0.000000E+00,0.000000E+00,0.000000E+00,0.000000E+00,0.000000E+00,0.000000E+00,0.000000E+00,2.221505E+01,3.844709E+01,2.388621E+01,4.813408E+01
20:20:00,8.245631E+03,2.929207E+03,2.910298E-01,2.416734E-01,0.000000E+00,0.000000E+00,0.000000E+00,0.000000E+00,0.000000E+00,0.000000E+00,0.000000E+00,0.000000E+00,2.221505E+01,3.842392E+01,2.388617E+01,4.832411E+01
20:30:00,8.243095E+03,2.832806E+03,2.909401E-01,2.337201E-01,0.000000E+00,0.000000E+00,0.000000E+00,0.000000E+00,0.000000E+00,0.000000E+00,0.000000E+00,0.000000E+00,2.221503E+01,3.839724E+01,2.388615E+01,4.848163E+01
20:40:00,8.240756E+03,2.755437E+03,2.908573E-01,2.273370E-01,0.000000E+00,0.000000E+00,0.000000E+00,0.000000E+00,0.000000E+00,0.000000E+00,0.000000E+00,0.000000E+00,2.221501E+01,3.837832E+01,2.388613E+01,4.862439E+01
20:50:00,8.238592E+03,2.692163E+03,2.907808E-01,2.221170E-01,0.000000E+00,0.000000E+00,0.000000E+00,0.000000E+00,0.000000E+00,0.000000E+00,0.000000E+00,0.000000E+00,2.221499E+01,3.836821E+01,2.388613E+01,4.876116E+01
21:00:00,8.236583E+03,2.635764E+03,2.907098E-01,2.174642E-01,0.000000E+00,0.000000E+00,0.000000E+00,0.000000E+00,0.000000E+00,0.000000E+00,0.000000E+00,0.000000E+00,2.221498E+01,3.836354E+01,2.388612E+01,4.889443E+01
21:10:00,8.233824E+03,2.584014E+03,2.906122E-01,2.131949E-01,0.000000E+00,0.000000E+00,0.000000E+00,0.000000E+00,0.000000E+00,0.000000E+00,0.000000E+00,0.000000E+00,2.221497E+01,3.836113E+01,2.388611E+01,4.902466E+01
21:20:00,8.231980E+03,2.534532E+03,2.905470E-01,2.091126E-01,0.000000E+00,0.000000E+00,0.000000E+00,0.000000E+00,0.000000E+00,0.000000E+00,0.000000E+00,0.000000E+00,2.221498E+01,3.836558E+01,2.388611E+01,4.916182E+01
21:30:00,8.230693E+03,2.486847E+03,2.905015E-01,2.051784E-01,0.000000E+00,0.000000E+00,0.000000E+00,0.000000E+00,0.000000E+00,0.000000E+00,0.000000E+00,0.000000E+00,2.221498E+01,3.837249E+01,2.388610E+01,4.930275E+01
21:40:00,8.229886E+03,2.440463E+03,2.904730E-01,2.013516E-01,0.000000E+00,0.000000E+00,0.000000E+00,0.000000E+00,0.000000E+00,0.000000E+00,0.000000E+00,0.000000E+00,2.221499E+01,3.837805E+01,2.388610E+01,4.944274E+01
21:50:00,8.229492E+03,2.395039E+03,2.904591E-01,1.976040E-01,0.000000E+00,0.000000E+00,0.000000E+00,0.000000E+00,0.000000E+00,0.000000E+00,0.000000E+00,0.000000E+00,2.221499E+01,3.838135E+01,2.388609E+01,4.958012E+01
22:00:00,8.229455E+03,2.350340E+03,2.904578E-01,1.939161E-01,0.000000E+00,0.000000E+00,0.000000E+00,0.000000E+00,0.000000E+00,0.000000E+00,0.000000E+00,0.000000E+00,2.221499E+01,3.838302E+01,2.388609E+01,4.971546E+01
22:10:00,8.237239E+03,2.299785E+03,2.907326E-01,1.897451E-01,0.000000E+00,0.000000E+00,0.000000E+00,0.000000E+00,0.000000E+00,0.000000E+00,0.000000E+00,0.000000E+00,2.221500E+01,3.838384E+01,2.388609E+01,4.984994E+01
22:20:00,8.246606E+03,2.249027E+03,2.910632E-01,1.855573E-01,0.000000E+00,0.000000E+00,0.000000E+00,0.000000E+00,0.000000E+00,0.000000E+00,0.000000E+00,0.000000E+00,2.221496E+01,3.836945E+01,2.388613E+01,4.998262E+01
22:30:00,8.256905E+03,2.198456E+03,2.914266E-01,1.813847E-01,0.000000E+00,0.000000E+00,0.000000E+00,0.000000E+00,0.000000E+00,0.000000E+00,0.000000E+00,0.000000E+00,2.221495E+01,3.835456E+01,2.388615E+01,5.012136E+01
22:40:00,8.267975E+03,2.148133E+03,2.918172E-01,1.772327E-01,0.000000E+00,0.000000E+00,0.000000E+00,0.000000E+00,0.000000E+00,0.000000E+00,0.000000E+00,0.000000E+00,2.221493E+01,3.834690E+01,2.388615E+01,5.026647E+01
22:50:00,8.279688E+03,2.098117E+03,2.922305E-01,1.731060E-01,0.000000E+00,0.000000E+00,0.000000E+00,0.000000E+00,0.000000E+00,0.000000E+00,0.000000E+00,0.000000E+00,2.221492E+01,3.834584E+01,2.388616E+01,5.041578E+01
23:00:00,8.291950E+03,2.048452E+03,2.926631E-01,1.690082E-01,0.000000E+00,0.000000E+00,0.000000E+00,0.000000E+00,0.000000E+00,0.000000E+00,0.000000E+00,0.000000E+00,2.221491E+01,3.834804E+01,2.388616E+01,5.056718E+01
23:10:00,8.303482E+03,2.000119E+03,2.930700E-01,1.650202E-01,0.000000E+00,0.000000E+00,0.000000E+00,0.000000E+00,0.000000E+00,0.000000E+00,0.000000E+00,0.000000E+00,2.221491E+01,3.835099E+01,2.388616E+01,5.071965E+01
23:20:00,8.315068E+03,1.952211E+03,2.934788E-01,1.610674E-01,0.000000E+00,0.000000E+00,0.000000E+00,0.000000E+00,0.000000E+00,0.000000E+00,0.000000E+00,0.000000E+00,2.221489E+01,3.834160E+01,2.388620E+01,5.087403E+01
23:30:00,8.326832E+03,1.904581E+03,2.938939E-01,1.571375E-01,0.000000E+00,0.000000E+00,0.000000E+00,0.000000E+00,0.000000E+00,0.000000E+00,0.000000E+00,0.000000E+00,2.221487E+01,3.833158E+01,2.388622E+01,5.103665E+01
23:40:00,8.338779E+03,1.857214E+03,2.943154E-01,1.532294E-01,0.000000E+00,0.000000E+00,0.000000E+00,0.000000E+00,0.000000E+00,0.000000E+00,0.000000E+00,0.000000E+00,2.221486E+01,3.832725E+01,2.388623E+01,5.120769E+01
23:50:00,8.350911E+03,1.810110E+03,2.947435E-01,1.493429E-01,0.000000E+00,0.000000E+00,0.000000E+00,0.000000E+00,0.000000E+00,0.000000E+00,0.000000E+00,0.000000E+00,2.221485E+01,3.832813E+01,2.388623E+01,5.138578E+01
24:00:00,8.363223E+03,1.763272E+03,2.951779E-01,1.454784E-01,0.000000E+00,0.000000E+00,0.000000E+00,0.000000E+00,0.000000E+00,0.000000E+00,0.000000E+00,0.000000E+00,2.221484E+01,3.833151E+01,2.388623E+01,5.156887E+01
Peak,8.661856E+03,4.200085E+03,3.057128E-01,3.465276E-01,0.000000E+00,0.000000E+00,0.000000E+00,0.000000E+00,0.000000E+00,0.000000E+00,0.000000E+00,0.000000E+00,,,,

Peak Vol Flow (m3/s),,,2.661715E-01,3.017073E-01,,,0.000000E+00,0.000000E+00,,,,,,,,
